-- Edit the insert queries for the Customer table
INSERT INTO public."Customer" (c_no, c_name, c_email, c_address, c_cardtype, c_cardexp, c_cardno) VALUES (12008, 'Ann Hinchcliffe', 'Ann.Hinchcliffe@yahoo.com', '81 New Road, Acle NR13 7GH', 'V', '10/25', '8948106927123585');
INSERT INTO public."Customer" (c_no, c_name, c_email, c_address, c_cardtype, c_cardexp, c_cardno) VALUES (12036, 'Carol Pearson', 'Carol.Pearson@gmail.com', '40 St Mark''s Road, London E23 5LW', 'V', '09/26', '9183767246807868');
INSERT INTO public."Customer" (c_no, c_name, c_email, c_address, c_cardtype, c_cardexp, c_cardno) VALUES (12037, 'Cherrill Fisher', 'Cherrill.Fisher@yahoo.com', '14 Bernard Road, Norwich NR6 7LL', 'MC', '05/25', '5491775659602051');
INSERT INTO public."Customer" (c_no, c_name, c_email, c_address, c_cardtype, c_cardexp, c_cardno) VALUES (12090, 'Cherry Smith', 'Cherry.Smith@yahoo.com', '15 The Hurst, Birmingham B17 5AH', 'V', '08/25', '5055718166088399');
INSERT INTO public."Customer" (c_no, c_name, c_email, c_address, c_cardtype, c_cardexp, c_cardno) VALUES (12098, 'Chris Holmes', 'Chris.Holmes@gmail.com', '65 Sandridge Road St Albans AL1 8YH', 'MC', '08/25', '3758532795729252');
INSERT INTO public."Customer" (c_no, c_name, c_email, c_address, c_cardtype, c_cardexp, c_cardno) VALUES (12128, 'Craig Naylor', 'Craig.Naylor@yahoo.com', '15 Park Street, London NW5 3RG', 'MC', '02/25', '7897976289709324');
INSERT INTO public."Customer" (c_no, c_name, c_email, c_address, c_cardtype, c_cardexp, c_cardno) VALUES (12146, 'Danny Keenan', 'Danny.Keenan@gmail.com', '8 Clifford Street York Y2 7JV', 'V', '05/26', '3296158946356776');
INSERT INTO public."Customer" (c_no, c_name, c_email, c_address, c_cardtype, c_cardexp, c_cardno) VALUES (12147, 'Daphne Mann', 'Daphne.Mann@yahoo.com', '10 Victoria Street, Norwich NR1 7RD', 'V', '05/25', '3041722074855055');
INSERT INTO public."Customer" (c_no, c_name, c_email, c_address, c_cardtype, c_cardexp, c_cardno) VALUES (12175, 'Darren Lee', 'Darren.Lee@gmail.com', '40 Helena Road, Diss IP22 8UK', 'A', '01/25', '3206315976614144');
INSERT INTO public."Customer" (c_no, c_name, c_email, c_address, c_cardtype, c_cardexp, c_cardno) VALUES (12186, 'Debbie Davison', 'Debbie.Davison@yahoo.com', '65 Windsor Road, Reading RG2 8AX', 'MC', '08/25', '9313717884645601');
INSERT INTO public."Customer" (c_no, c_name, c_email, c_address, c_cardtype, c_cardexp, c_cardno) VALUES (12193, 'Deborah Herring', 'Deborah.Herring@gmail.com', '5 Peascod Street, Sheffield S5 8HB', 'MC', '11/25', '4595864641759032');
INSERT INTO public."Customer" (c_no, c_name, c_email, c_address, c_cardtype, c_cardexp, c_cardno) VALUES (12194, 'Denis Gower', 'Denise.Gower@gmail.com', '5 Alma Road, Kings Lynn PE30 2 FN', 'V', '09/26', '3258301785786885');
INSERT INTO public."Customer" (c_no, c_name, c_email, c_address, c_cardtype, c_cardexp, c_cardno) VALUES (12205, 'Denise Follows', 'Denise.Follows@gmail.com', '15 Frogmore Park, London NW4 3AQ', 'V', '02/26', '9124628930869373');
INSERT INTO public."Customer" (c_no, c_name, c_email, c_address, c_cardtype, c_cardexp, c_cardno) VALUES (12218, 'Denise Hunt', 'Denise.Hunt@yahoo.com', '5 Spinners Walk, Ipswich IP1 3JN', 'MC', '04/26', '7824605040712906');
INSERT INTO public."Customer" (c_no, c_name, c_email, c_address, c_cardtype, c_cardexp, c_cardno) VALUES (12284, 'Dominic Earl', 'Dominic.Earl@yahoo.com', '15 Bexley Street, Diss IP22 2ES', 'MC', '05/25', '9771589265721184');
INSERT INTO public."Customer" (c_no, c_name, c_email, c_address, c_cardtype, c_cardexp, c_cardno) VALUES (12298, 'Emma Seager', 'Emma.Seager@gmail.com', '80 Devereux Road, Holt NR25 3EE', 'V', '11/26', '2571819110792660');
INSERT INTO public."Customer" (c_no, c_name, c_email, c_address, c_cardtype, c_cardexp, c_cardno) VALUES (12401, 'Ian Haden', 'Ian.Haden@yahoo.com', '10 Frogmore, Bristol BS16 4AF', 'MC', '11/25', '3656758666526411');
INSERT INTO public."Customer" (c_no, c_name, c_email, c_address, c_cardtype, c_cardexp, c_cardno) VALUES (12404, 'Jennifer Gray', 'Jennifer.Gray@yahoo.com', '10 Bexley Terrace, Great Yarmouth NR30 5TZ', 'V', '11/25', '7660503113099615');
INSERT INTO public."Customer" (c_no, c_name, c_email, c_address, c_cardtype, c_cardexp, c_cardno) VALUES (12425, 'Jodie Anderson', 'Jodie.Anderson@yahoo.com', '5 Bridgewater Terrace, Little Melton NR18 4JB', 'MC', '04/26', '9093490787439584');
INSERT INTO public."Customer" (c_no, c_name, c_email, c_address, c_cardtype, c_cardexp, c_cardno) VALUES (12433, 'Joe Page', 'Joe.Page@yahoo.com', '5 Spinners Walk, London N17 2GC', 'A', '04/26', '1231336923428654');
INSERT INTO public."Customer" (c_no, c_name, c_email, c_address, c_cardtype, c_cardexp, c_cardno) VALUES (12454, 'Joe Prentice', 'Joe.Prentice@yahoo.com', '40 Helena Road, Aylsham NR11 2YB', 'MC', '02/26', '1608794797959268');
INSERT INTO public."Customer" (c_no, c_name, c_email, c_address, c_cardtype, c_cardexp, c_cardno) VALUES (12473, 'John Jones', 'John.Jones@yahoo.com', '5 Dorset Road, Wymondham NR18 6QT', 'V', '12/26', '1956167460056484');
INSERT INTO public."Customer" (c_no, c_name, c_email, c_address, c_cardtype, c_cardexp, c_cardno) VALUES (12489, 'John Moore', 'John.Moore@yahoo.com', '65 Arthur Road, Diss IP22 7YH', 'V', '04/25', '1460998871211523');
INSERT INTO public."Customer" (c_no, c_name, c_email, c_address, c_cardtype, c_cardexp, c_cardno) VALUES (12528, 'Jolanta Balaz', 'Jolanta.Balaz@gmail.com', '25 Bachelors'' Acre, Cromer NR27 9JY', 'V', '09/25', '9645108040255342');
INSERT INTO public."Customer" (c_no, c_name, c_email, c_address, c_cardtype, c_cardexp, c_cardno) VALUES (12538, 'Joseph Zafor Kahn', 'Joseph.ZaforKahn@gmail.com', '15 Park Avenue, Norwich NR7 1BL', 'MC', '07/25', '9263423347679293');
INSERT INTO public."Customer" (c_no, c_name, c_email, c_address, c_cardtype, c_cardexp, c_cardno) VALUES (12563, 'Keith Roberts', 'Keith.Roberts@yahoo.com', '105 Oxford Road, Hethersett NR18 7UX', 'V', '08/25', '8451200084036386');
INSERT INTO public."Customer" (c_no, c_name, c_email, c_address, c_cardtype, c_cardexp, c_cardno) VALUES (12570, 'Linda Satt', 'Linda.Satt@gmail.com', '5 Thames Side, Reading RG4 8KE', 'MC', '12/25', '3002553128235845');
INSERT INTO public."Customer" (c_no, c_name, c_email, c_address, c_cardtype, c_cardexp, c_cardno) VALUES (12573, 'Linda Smith', 'Linda.Smith@gmail.com', '65 Barton Lodge Road, Birmingham B12 1KC', 'MC', '06/25', '4316155679735479');
INSERT INTO public."Customer" (c_no, c_name, c_email, c_address, c_cardtype, c_cardexp, c_cardno) VALUES (12576, 'Maria Deacon', 'Maria.Deacon@yahoo.com', '20 Clewer Hill Road, Great Yarmouth NR30 2EV', 'MC', '10/25', '9377665278133681');
INSERT INTO public."Customer" (c_no, c_name, c_email, c_address, c_cardtype, c_cardexp, c_cardno) VALUES (12596, 'Mathew Ireland', 'Mathew.Ireland@yahoo.com', '5 Love Lane, Ipswich IP1 4ED', 'V', '6/25', '5350948440312389');
INSERT INTO public."Customer" (c_no, c_name, c_email, c_address, c_cardtype, c_cardexp, c_cardno) VALUES (12669, 'Michael Harrison', 'Michael.Harrison@yahoo.com', '5 Spinners Walk, Aylsham NR11 5TD', 'MC', '03/25', '1361876228505197');
INSERT INTO public."Customer" (c_no, c_name, c_email, c_address, c_cardtype, c_cardexp, c_cardno) VALUES (12684, 'Michelle Stafford', 'Michelle.Stafford@gmail.com', '15 Home Park, Hethersett NR18 0RH', 'A', '06/26', '4447915332882744');
INSERT INTO public."Customer" (c_no, c_name, c_email, c_address, c_cardtype, c_cardexp, c_cardno) VALUES (12717, 'Monica Steele', 'Monica.Steele@yahoo.com', '135 Grove Road, Norwich NR3 5LB', 'V', '01/25', '1284850699045096');
INSERT INTO public."Customer" (c_no, c_name, c_email, c_address, c_cardtype, c_cardexp, c_cardno) VALUES (12718, 'Nancy Chizarura', 'Nancy.Chizarura@gmail.com', '25 St Leonard''s Road, Norwich NR2 2AX', 'V', '08/25', '3217358417874174');
INSERT INTO public."Customer" (c_no, c_name, c_email, c_address, c_cardtype, c_cardexp, c_cardno) VALUES (12723, 'Nigel Ainley', 'Nigel.Ainley@yahoo.com', '60 Temple Road, Peterborough PE4 8QT', 'MC', '04/26', '6538837920765282');
INSERT INTO public."Customer" (c_no, c_name, c_email, c_address, c_cardtype, c_cardexp, c_cardno) VALUES (12745, 'Phillip Taylor', 'Phillip.Taylor@yahoo.com', '40 Helena Road, Holt NR25 3AZ', 'V', '02/25', '3659676257717685');
INSERT INTO public."Customer" (c_no, c_name, c_email, c_address, c_cardtype, c_cardexp, c_cardno) VALUES (12752, 'Rob Thompson', 'Rob.Thompson@gmail.com', '10 Spencergate York Y2 1SL', 'MC', '06/25', '4155755838256510');
INSERT INTO public."Customer" (c_no, c_name, c_email, c_address, c_cardtype, c_cardexp, c_cardno) VALUES (12790, 'Sally Rodgers', 'Sally.Rodgers@yahoo.com', '28 St Anne''s Road, London SE23 1FT', 'V', '10/25', '6453483470978788');
INSERT INTO public."Customer" (c_no, c_name, c_email, c_address, c_cardtype, c_cardexp, c_cardno) VALUES (12801, 'Sheila Reynolds', 'Sheila.Reynolds@yahoo.com', '25 Laundry Loke, North Walsham NR28 0DK', 'V', '03/25', '6842481611086565');
INSERT INTO public."Customer" (c_no, c_name, c_email, c_address, c_cardtype, c_cardexp, c_cardno) VALUES (12818, 'Stuart Reed', 'Stuart.Reed@yahoo.com', '170 New Road, Kings Lynn PE30 0UJ', 'A', '12/25', '6621132418881361');
INSERT INTO public."Customer" (c_no, c_name, c_email, c_address, c_cardtype, c_cardexp, c_cardno) VALUES (12874, 'Sue Gray', 'Sue.Gray@yahoo.com', '20 Albert Street, Ipswich IP2 3AX', 'V', '08/25', '8947579422735172');
INSERT INTO public."Customer" (c_no, c_name, c_email, c_address, c_cardtype, c_cardexp, c_cardno) VALUES (12908, 'Sue Green', 'Sue.Green@yahoo.com', '40 Helena Road, Cromer NR27 6TH', 'MC', '05/25', '6781813175933739');
INSERT INTO public."Customer" (c_no, c_name, c_email, c_address, c_cardtype, c_cardexp, c_cardno) VALUES (12920, 'Susan Connolly', 'Susan.Connolly@gmail.com', '65 Victoria Road, Wymondham NR18 3RG', 'MC', '10/25', '9956366620035307');
INSERT INTO public."Customer" (c_no, c_name, c_email, c_address, c_cardtype, c_cardexp, c_cardno) VALUES (12931, 'Vanessa Burns', 'Vanessa.Burns@yahoo.com', '60 Temple Road, Norwich NR7 8QT', 'A', '11/25', '7422266817013766');
INSERT INTO public."Customer" (c_no, c_name, c_email, c_address, c_cardtype, c_cardexp, c_cardno) VALUES (12932, 'Zoe Smallbone', 'Zoe.Smallbone@yahoo.com', '5 Lime Tree Avenue, Hethersett NR18 1FK', 'V', '06/25', '8703274271879718');
INSERT INTO public."Customer" (c_no, c_name, c_email, c_address, c_cardtype, c_cardexp, c_cardno) VALUES (12953, 'Andrew Spalding', 'Andrew.Spalding@yahoo.com', '30 Castle Precincts, Acle NR13 2AY', 'V', '12/25', '6101225280422702');

-- Edit the insert queries as per your request
INSERT INTO public."Room" (r_no, r_class, r_status, r_notes) VALUES (101, 'sup_d', 'A', '');
INSERT INTO public."Room" (r_no, r_class, r_status, r_notes) VALUES (102, 'sup_d', 'A', '');
INSERT INTO public."Room" (r_no, r_class, r_status, r_notes) VALUES (103, 'std_d', 'A', '');
INSERT INTO public."Room" (r_no, r_class, r_status, r_notes) VALUES (104, 'std_d', 'A', '');
INSERT INTO public."Room" (r_no, r_class, r_status, r_notes) VALUES (105, 'std_d', 'A', '');
INSERT INTO public."Room" (r_no, r_class, r_status, r_notes) VALUES (106, 'std_t', 'A', '');
INSERT INTO public."Room" (r_no, r_class, r_status, r_notes) VALUES (107, 'std_t', 'A', '');
INSERT INTO public."Room" (r_no, r_class, r_status, r_notes) VALUES (108, 'std_t', 'A', '');
INSERT INTO public."Room" (r_no, r_class, r_status, r_notes) VALUES (201, 'sup_d', 'A', '');
INSERT INTO public."Room" (r_no, r_class, r_status, r_notes) VALUES (202, 'sup_d', 'A', '');
INSERT INTO public."Room" (r_no, r_class, r_status, r_notes) VALUES (203, 'sup_d', 'A', '');
INSERT INTO public."Room" (r_no, r_class, r_status, r_notes) VALUES (204, 'std_t', 'A', '');
INSERT INTO public."Room" (r_no, r_class, r_status, r_notes) VALUES (205, 'std_t', 'A', '');
INSERT INTO public."Room" (r_no, r_class, r_status, r_notes) VALUES (206, 'std_t', 'A', '');
INSERT INTO public."Room" (r_no, r_class, r_status, r_notes) VALUES (207, 'std_t', 'A', '');
INSERT INTO public."Room" (r_no, r_class, r_status, r_notes) VALUES (208, 'sup_t', 'A', '');
INSERT INTO public."Room" (r_no, r_class, r_status, r_notes) VALUES (209, 'sup_t', 'A', '');
INSERT INTO public."Room" (r_no, r_class, r_status, r_notes) VALUES (210, 'sup_t', 'A', '');
INSERT INTO public."Room" (r_no, r_class, r_status, r_notes) VALUES (211, 'std_d', 'A', '');
INSERT INTO public."Room" (r_no, r_class, r_status, r_notes) VALUES (212, 'std_d', 'A', '');
INSERT INTO public."Room" (r_no, r_class, r_status, r_notes) VALUES (301, 'std_d', 'A', '');
INSERT INTO public."Room" (r_no, r_class, r_status, r_notes) VALUES (302, 'std_d', 'A', '');
INSERT INTO public."Room" (r_no, r_class, r_status, r_notes) VALUES (303, 'sup_d', 'A', '');
INSERT INTO public."Room" (r_no, r_class, r_status, r_notes) VALUES (304, 'sup_d', 'A', '');
INSERT INTO public."Room" (r_no, r_class, r_status, r_notes) VALUES (305, 'sup_d', 'A', '');
INSERT INTO public."Room" (r_no, r_class, r_status, r_notes) VALUES (306, 'sup_d', 'A', '');
INSERT INTO public."Room" (r_no, r_class, r_status, r_notes) VALUES (307, 'sup_t', 'A', '');
INSERT INTO public."Room" (r_no, r_class, r_status, r_notes) VALUES (308, 'sup_t', 'A', '');
INSERT INTO public."Room" (r_no, r_class, r_status, r_notes) VALUES (309, 'sup_t', 'A', '');
INSERT INTO public."Room" (r_no, r_class, r_status, r_notes) VALUES (310, 'sup_t', 'A', '');
INSERT INTO public."Room" (r_no, r_class, r_status, r_notes) VALUES (311, 'sup_t', 'A', '');
INSERT INTO public."Room" (r_no, r_class, r_status, r_notes) VALUES (312, 'sup_t', 'A', '');

-- Edit the insert queries for the Rates table
INSERT INTO public."Rates" (r_class, price) VALUES ('std_t', 62);
INSERT INTO public."Rates" (r_class, price) VALUES ('std_d', 65);
INSERT INTO public."Rates" (r_class, price) VALUES ('sup_t', 75);
INSERT INTO public."Rates" (r_class, price) VALUES ('sup_d', 77);




INSERT INTO public."Booking" (b_ref, c_no, b_cost, b_outstanding, b_notes) VALUES (13011, 12146, 0, 0, '');
INSERT INTO public."Booking" (b_ref, c_no, b_cost, b_outstanding, b_notes) VALUES (13052, 12205, 0, 0, '');
INSERT INTO public."Booking" (b_ref, c_no, b_cost, b_outstanding, b_notes) VALUES (13066, 12931, 0, 0, '');
INSERT INTO public."Booking" (b_ref, c_no, b_cost, b_outstanding, b_notes) VALUES (13083, 12790, 0, 0, '');
INSERT INTO public."Booking" (b_ref, c_no, b_cost, b_outstanding, b_notes) VALUES (13098, 12920, 0, 0, '');
INSERT INTO public."Booking" (b_ref, c_no, b_cost, b_outstanding, b_notes) VALUES (13109, 12528, 0, 0, '');
INSERT INTO public."Booking" (b_ref, c_no, b_cost, b_outstanding, b_notes) VALUES (13138, 12298, 0, 0, '');
INSERT INTO public."Booking" (b_ref, c_no, b_cost, b_outstanding, b_notes) VALUES (13168, 12401, 0, 0, '');
INSERT INTO public."Booking" (b_ref, c_no, b_cost, b_outstanding, b_notes) VALUES (13180, 12284, 0, 0, '');
INSERT INTO public."Booking" (b_ref, c_no, b_cost, b_outstanding, b_notes) VALUES (13202, 12528, 0, 0, '');
INSERT INTO public."Booking" (b_ref, c_no, b_cost, b_outstanding, b_notes) VALUES (13220, 12284, 0, 0, '');
INSERT INTO public."Booking" (b_ref, c_no, b_cost, b_outstanding, b_notes) VALUES (13246, 12146, 0, 0, '');
INSERT INTO public."Booking" (b_ref, c_no, b_cost, b_outstanding, b_notes) VALUES (13250, 12036, 0, 0, '');
INSERT INTO public."Booking" (b_ref, c_no, b_cost, b_outstanding, b_notes) VALUES (13262, 12745, 0, 0, '');
INSERT INTO public."Booking" (b_ref, c_no, b_cost, b_outstanding, b_notes) VALUES (13324, 12563, 0, 0, '');
INSERT INTO public."Booking" (b_ref, c_no, b_cost, b_outstanding, b_notes) VALUES (13325, 12576, 0, 0, '');
INSERT INTO public."Booking" (b_ref, c_no, b_cost, b_outstanding, b_notes) VALUES (13332, 12573, 0, 0, '');
INSERT INTO public."Booking" (b_ref, c_no, b_cost, b_outstanding, b_notes) VALUES (13339, 12528, 0, 0, '');
INSERT INTO public."Booking" (b_ref, c_no, b_cost, b_outstanding, b_notes) VALUES (13358, 12576, 0, 0, '');
INSERT INTO public."Booking" (b_ref, c_no, b_cost, b_outstanding, b_notes) VALUES (13385, 12454, 0, 0, '');
INSERT INTO public."Booking" (b_ref, c_no, b_cost, b_outstanding, b_notes) VALUES (13421, 12473, 0, 0, '');
INSERT INTO public."Booking" (b_ref, c_no, b_cost, b_outstanding, b_notes) VALUES (13425, 12932, 0, 0, '');
INSERT INTO public."Booking" (b_ref, c_no, b_cost, b_outstanding, b_notes) VALUES (13429, 12284, 0, 0, '');
INSERT INTO public."Booking" (b_ref, c_no, b_cost, b_outstanding, b_notes) VALUES (13476, 12146, 0, 0, '');
INSERT INTO public."Booking" (b_ref, c_no, b_cost, b_outstanding, b_notes) VALUES (13482, 12573, 0, 0, '');
INSERT INTO public."Booking" (b_ref, c_no, b_cost, b_outstanding, b_notes) VALUES (13503, 12473, 0, 0, '');
INSERT INTO public."Booking" (b_ref, c_no, b_cost, b_outstanding, b_notes) VALUES (13505, 12818, 0, 0, '');
INSERT INTO public."Booking" (b_ref, c_no, b_cost, b_outstanding, b_notes) VALUES (13541, 12473, 0, 0, '');
INSERT INTO public."Booking" (b_ref, c_no, b_cost, b_outstanding, b_notes) VALUES (13559, 12205, 0, 0, '');
INSERT INTO public."Booking" (b_ref, c_no, b_cost, b_outstanding, b_notes) VALUES (13585, 12401, 0, 0, '');
INSERT INTO public."Booking" (b_ref, c_no, b_cost, b_outstanding, b_notes) VALUES (13602, 12205, 0, 0, '');
INSERT INTO public."Booking" (b_ref, c_no, b_cost, b_outstanding, b_notes) VALUES (13627, 12404, 0, 0, '');
INSERT INTO public."Booking" (b_ref, c_no, b_cost, b_outstanding, b_notes) VALUES (13631, 12454, 0, 0, '');
INSERT INTO public."Booking" (b_ref, c_no, b_cost, b_outstanding, b_notes) VALUES (13663, 12036, 0, 0, '');
INSERT INTO public."Booking" (b_ref, c_no, b_cost, b_outstanding, b_notes) VALUES (13801, 12473, 0, 0, '');
INSERT INTO public."Booking" (b_ref, c_no, b_cost, b_outstanding, b_notes) VALUES (13836, 12953, 0, 0, '');
INSERT INTO public."Booking" (b_ref, c_no, b_cost, b_outstanding, b_notes) VALUES (13853, 12205, 0, 0, '');
INSERT INTO public."Booking" (b_ref, c_no, b_cost, b_outstanding, b_notes) VALUES (13872, 12146, 0, 0, '');
INSERT INTO public."Booking" (b_ref, c_no, b_cost, b_outstanding, b_notes) VALUES (13881, 12008, 0, 0, '');
INSERT INTO public."Booking" (b_ref, c_no, b_cost, b_outstanding, b_notes) VALUES (13886, 12723, 0, 0, '');
INSERT INTO public."Booking" (b_ref, c_no, b_cost, b_outstanding, b_notes) VALUES (13893, 12874, 0, 0, '');
INSERT INTO public."Booking" (b_ref, c_no, b_cost, b_outstanding, b_notes) VALUES (13906, 12745, 0, 0, '');
INSERT INTO public."Booking" (b_ref, c_no, b_cost, b_outstanding, b_notes) VALUES (13925, 12669, 0, 0, '');
INSERT INTO public."Booking" (b_ref, c_no, b_cost, b_outstanding, b_notes) VALUES (13970, 12576, 0, 0, '');
INSERT INTO public."Booking" (b_ref, c_no, b_cost, b_outstanding, b_notes) VALUES (13977, 12718, 0, 0, '');

INSERT INTO public."Booking" (b_ref, c_no, b_cost, b_outstanding, b_notes) VALUES (14038, 12801, 0, 0, '');
INSERT INTO public."Booking" (b_ref, c_no, b_cost, b_outstanding, b_notes) VALUES (14074, 12908, 0, 0, '');
INSERT INTO public."Booking" (b_ref, c_no, b_cost, b_outstanding, b_notes) VALUES (14101, 12473, 0, 0, '');
INSERT INTO public."Booking" (b_ref, c_no, b_cost, b_outstanding, b_notes) VALUES (14154, 12718, 0, 0, '');
INSERT INTO public."Booking" (b_ref, c_no, b_cost, b_outstanding, b_notes) VALUES (14172, 12790, 0, 0, '');
INSERT INTO public."Booking" (b_ref, c_no, b_cost, b_outstanding, b_notes) VALUES (14184, 12684, 0, 0, '');
INSERT INTO public."Booking" (b_ref, c_no, b_cost, b_outstanding, b_notes) VALUES (14239, 12146, 0, 0, '');
INSERT INTO public."Booking" (b_ref, c_no, b_cost, b_outstanding, b_notes) VALUES (14276, 12790, 0, 0, '');
INSERT INTO public."Booking" (b_ref, c_no, b_cost, b_outstanding, b_notes) VALUES (14277, 12037, 0, 0, '');
INSERT INTO public."Booking" (b_ref, c_no, b_cost, b_outstanding, b_notes) VALUES (14301, 12790, 0, 0, '');
INSERT INTO public."Booking" (b_ref, c_no, b_cost, b_outstanding, b_notes) VALUES (14400, 12717, 0, 0, '');
INSERT INTO public."Booking" (b_ref, c_no, b_cost, b_outstanding, b_notes) VALUES (14403, 12953, 0, 0, '');
INSERT INTO public."Booking" (b_ref, c_no, b_cost, b_outstanding, b_notes) VALUES (14446, 12454, 0, 0, '');
INSERT INTO public."Booking" (b_ref, c_no, b_cost, b_outstanding, b_notes) VALUES (14460, 12931, 0, 0, '');
INSERT INTO public."Booking" (b_ref, c_no, b_cost, b_outstanding, b_notes) VALUES (14507, 12298, 0, 0, '');
INSERT INTO public."Booking" (b_ref, c_no, b_cost, b_outstanding, b_notes) VALUES (14593, 12563, 0, 0, '');
INSERT INTO public."Booking" (b_ref, c_no, b_cost, b_outstanding, b_notes) VALUES (14633, 12008, 0, 0, '');
INSERT INTO public."Booking" (b_ref, c_no, b_cost, b_outstanding, b_notes) VALUES (14671, 12717, 0, 0, '');
INSERT INTO public."Booking" (b_ref, c_no, b_cost, b_outstanding, b_notes) VALUES (14679, 12284, 0, 0, '');
INSERT INTO public."Booking" (b_ref, c_no, b_cost, b_outstanding, b_notes) VALUES (14690, 12818, 0, 0, '');
INSERT INTO public."Booking" (b_ref, c_no, b_cost, b_outstanding, b_notes) VALUES (14705, 12205, 0, 0, '');
INSERT INTO public."Booking" (b_ref, c_no, b_cost, b_outstanding, b_notes) VALUES (14797, 12538, 0, 0, '');
INSERT INTO public."Booking" (b_ref, c_no, b_cost, b_outstanding, b_notes) VALUES (14844, 12801, 0, 0, '');
INSERT INTO public."Booking" (b_ref, c_no, b_cost, b_outstanding, b_notes) VALUES (14853, 12528, 0, 0, '');
INSERT INTO public."Booking" (b_ref, c_no, b_cost, b_outstanding, b_notes) VALUES (14855, 12146, 0, 0, '');
INSERT INTO public."Booking" (b_ref, c_no, b_cost, b_outstanding, b_notes) VALUES (14930, 12098, 0, 0, '');
INSERT INTO public."Booking" (b_ref, c_no, b_cost, b_outstanding, b_notes) VALUES (14963, 12684, 0, 0, '');
INSERT INTO public."Booking" (b_ref, c_no, b_cost, b_outstanding, b_notes) VALUES (14971, 12175, 0, 0, '');

INSERT INTO public."Booking" (b_ref, c_no, b_cost, b_outstanding, b_notes) VALUES (15091, 12433, 0, 0, '');
INSERT INTO public."Booking" (b_ref, c_no, b_cost, b_outstanding, b_notes) VALUES (15142, 12790, 0, 0, '');
INSERT INTO public."Booking" (b_ref, c_no, b_cost, b_outstanding, b_notes) VALUES (15150, 12723, 0, 0, '');
INSERT INTO public."Booking" (b_ref, c_no, b_cost, b_outstanding, b_notes) VALUES (15160, 12953, 0, 0, '');
INSERT INTO public."Booking" (b_ref, c_no, b_cost, b_outstanding, b_notes) VALUES (15242, 12931, 0, 0, '');
INSERT INTO public."Booking" (b_ref, c_no, b_cost, b_outstanding, b_notes) VALUES (15246, 12098, 0, 0, '');
INSERT INTO public."Booking" (b_ref, c_no, b_cost, b_outstanding, b_notes) VALUES (15258, 12596, 0, 0, '');
INSERT INTO public."Booking" (b_ref, c_no, b_cost, b_outstanding, b_notes) VALUES (15286, 12576, 0, 0, '');
INSERT INTO public."Booking" (b_ref, c_no, b_cost, b_outstanding, b_notes) VALUES (15301, 12790, 0, 0, '');
INSERT INTO public."Booking" (b_ref, c_no, b_cost, b_outstanding, b_notes) VALUES (15318, 12008, 0, 0, '');
INSERT INTO public."Booking" (b_ref, c_no, b_cost, b_outstanding, b_notes) VALUES (15349, 12684, 0, 0, '');
INSERT INTO public."Booking" (b_ref, c_no, b_cost, b_outstanding, b_notes) VALUES (15367, 12146, 0, 0, '');
INSERT INTO public."Booking" (b_ref, c_no, b_cost, b_outstanding, b_notes) VALUES (15410, 12186, 0, 0, '');
INSERT INTO public."Booking" (b_ref, c_no, b_cost, b_outstanding, b_notes) VALUES (15446, 12752, 0, 0, '');
INSERT INTO public."Booking" (b_ref, c_no, b_cost, b_outstanding, b_notes) VALUES (15489, 12920, 0, 0, '');
INSERT INTO public."Booking" (b_ref, c_no, b_cost, b_outstanding, b_notes) VALUES (15500, 12008, 0, 0, '');
INSERT INTO public."Booking" (b_ref, c_no, b_cost, b_outstanding, b_notes) VALUES (15539, 12669, 0, 0, '');
INSERT INTO public."Booking" (b_ref, c_no, b_cost, b_outstanding, b_notes) VALUES (15543, 12790, 0, 0, '');
INSERT INTO public."Booking" (b_ref, c_no, b_cost, b_outstanding, b_notes) VALUES (15565, 12175, 0, 0, '');
INSERT INTO public."Booking" (b_ref, c_no, b_cost, b_outstanding, b_notes) VALUES (15566, 12175, 0, 0, '');
INSERT INTO public."Booking" (b_ref, c_no, b_cost, b_outstanding, b_notes) VALUES (15656, 12573, 0, 0, '');
INSERT INTO public."Booking" (b_ref, c_no, b_cost, b_outstanding, b_notes) VALUES (15731, 12037, 0, 0, '');
INSERT INTO public."Booking" (b_ref, c_no, b_cost, b_outstanding, b_notes) VALUES (15735, 12723, 0, 0, '');
INSERT INTO public."Booking" (b_ref, c_no, b_cost, b_outstanding, b_notes) VALUES (15801, 12128, 0, 0, '');
INSERT INTO public."Booking" (b_ref, c_no, b_cost, b_outstanding, b_notes) VALUES (15822, 12205, 0, 0, '');
INSERT INTO public."Booking" (b_ref, c_no, b_cost, b_outstanding, b_notes) VALUES (15934, 12037, 0, 0, '');
INSERT INTO public."Booking" (b_ref, c_no, b_cost, b_outstanding, b_notes) VALUES (15960, 12175, 0, 0, '');
INSERT INTO public."Booking" (b_ref, c_no, b_cost, b_outstanding, b_notes) VALUES (15975, 12596, 0, 0, '');


UPDATE public."Booking" SET b_cost=130.00 WHERE b_ref=13011;
UPDATE public."Booking" SET b_cost=308.00 WHERE b_ref=13052;
UPDATE public."Booking" SET b_cost=770.00 WHERE b_ref=13066;
UPDATE public."Booking" SET b_cost=556.00 WHERE b_ref=13083;
UPDATE public."Booking" SET b_cost=636.00 WHERE b_ref=13098;
UPDATE public."Booking" SET b_cost=186.00 WHERE b_ref=13109;
UPDATE public."Booking" SET b_cost=186.00 WHERE b_ref=13138;
UPDATE public."Booking" SET b_cost=548.00 WHERE b_ref=13168;
UPDATE public."Booking" SET b_cost=300.00 WHERE b_ref=13180;
UPDATE public."Booking" SET b_cost=608.00 WHERE b_ref=13202;
UPDATE public."Booking" SET b_cost=408.00 WHERE b_ref=13220;
UPDATE public."Booking" SET b_cost=62.00 WHERE b_ref=13246;
UPDATE public."Booking" SET b_cost=308.00 WHERE b_ref=13250;
UPDATE public."Booking" SET b_cost=408.00 WHERE b_ref=13262;
UPDATE public."Booking" SET b_cost=65.00 WHERE b_ref=13324;
UPDATE public."Booking" SET b_cost=496.00 WHERE b_ref=13325;
UPDATE public."Booking" SET b_cost=231.00 WHERE b_ref=13332;
UPDATE public."Booking" SET b_cost=195.00 WHERE b_ref=13339;
UPDATE public."Booking" SET b_cost=325.00 WHERE b_ref=13358;
UPDATE public."Booking" SET b_cost=65.00 WHERE b_ref=13385;
UPDATE public."Booking" SET b_cost=150.00 WHERE b_ref=13421;
UPDATE public."Booking" SET b_cost=225.00 WHERE b_ref=13425;
UPDATE public."Booking" SET b_cost=308.00 WHERE b_ref=13429;
UPDATE public."Booking" SET b_cost=308.00 WHERE b_ref=13476;
UPDATE public."Booking" SET b_cost=195.00 WHERE b_ref=13482;
UPDATE public."Booking" SET b_cost=420.00 WHERE b_ref=13503;
UPDATE public."Booking" SET b_cost=434.00 WHERE b_ref=13505;
UPDATE public."Booking" SET b_cost=381.00 WHERE b_ref=13541;
UPDATE public."Booking" SET b_cost=260.00 WHERE b_ref=13559;
UPDATE public."Booking" SET b_cost=195.00 WHERE b_ref=13585;
UPDATE public."Booking" SET b_cost=154.00 WHERE b_ref=13602;
UPDATE public."Booking" SET b_cost=687.00 WHERE b_ref=13627;
UPDATE public."Booking" SET b_cost=195.00 WHERE b_ref=13631;


UPDATE public."Booking" SET b_cost=300.00 WHERE b_ref=13663;
UPDATE public."Booking" SET b_cost=186.00 WHERE b_ref=13801;
UPDATE public."Booking" SET b_cost=231.00 WHERE b_ref=13836;
UPDATE public."Booking" SET b_cost=139.00 WHERE b_ref=13853;
UPDATE public."Booking" SET b_cost=612.00 WHERE b_ref=13872;
UPDATE public."Booking" SET b_cost=137.00 WHERE b_ref=13881;
UPDATE public."Booking" SET b_cost=568.00 WHERE b_ref=13886;
UPDATE public."Booking" SET b_cost=65.00 WHERE b_ref=13893;
UPDATE public."Booking" SET b_cost=77.00 WHERE b_ref=13906;
UPDATE public."Booking" SET b_cost=150.00 WHERE b_ref=13925;
UPDATE public."Booking" SET b_cost=248.00 WHERE b_ref=13970;
UPDATE public."Booking" SET b_cost=140.00 WHERE b_ref=13977;
UPDATE public."Booking" SET b_cost=1085.00 WHERE b_ref=14038;
UPDATE public."Booking" SET b_cost=214.00 WHERE b_ref=14074;
UPDATE public."Booking" SET b_cost=608.00 WHERE b_ref=14101;
UPDATE public."Booking" SET b_cost=142.00 WHERE b_ref=14154;
UPDATE public."Booking" SET b_cost=152.00 WHERE b_ref=14172;
UPDATE public."Booking" SET b_cost=608.00 WHERE b_ref=14184;
UPDATE public."Booking" SET b_cost=154.00 WHERE b_ref=14239;
UPDATE public."Booking" SET b_cost=65.00 WHERE b_ref=14276;
UPDATE public."Booking" SET b_cost=154.00 WHERE b_ref=14277;
UPDATE public."Booking" SET b_cost=186.00 WHERE b_ref=14301;
UPDATE public."Booking" SET b_cost=300.00 WHERE b_ref=14400;
UPDATE public."Booking" SET b_cost=280.00 WHERE b_ref=14403;
UPDATE public."Booking" SET b_cost=154.00 WHERE b_ref=14446;
UPDATE public."Booking" SET b_cost=608.00 WHERE b_ref=14460;
UPDATE public."Booking" SET b_cost=75.00 WHERE b_ref=14507;
UPDATE public."Booking" SET b_cost=848.00 WHERE b_ref=14593;
UPDATE public."Booking" SET b_cost=300.00 WHERE b_ref=14633;
UPDATE public."Booking" SET b_cost=150.00 WHERE b_ref=14671;
UPDATE public."Booking" SET b_cost=137.00 WHERE b_ref=14679;
UPDATE public."Booking" SET b_cost=548.00 WHERE b_ref=14690;
UPDATE public."Booking" SET b_cost=308.00 WHERE b_ref=14705;
UPDATE public."Booking" SET b_cost=816.00 WHERE b_ref=14797;
UPDATE public."Booking" SET b_cost=576.00 WHERE b_ref=14844;
UPDATE public."Booking" SET b_cost=62.00 WHERE b_ref=14853;
UPDATE public."Booking" SET b_cost=616.00 WHERE b_ref=14855;
UPDATE public."Booking" SET b_cost=456.00 WHERE b_ref=14930;
UPDATE public."Booking" SET b_cost=248.00 WHERE b_ref=14963;
UPDATE public."Booking" SET b_cost=225.00 WHERE b_ref=14971;
UPDATE public."Booking" SET b_cost=62.00 WHERE b_ref=15091;
UPDATE public."Booking" SET b_cost=254.00 WHERE b_ref=15142;
UPDATE public."Booking" SET b_cost=248.00 WHERE b_ref=15150;
UPDATE public."Booking" SET b_cost=199.00 WHERE b_ref=15160;
UPDATE public."Booking" SET b_cost=62.00 WHERE b_ref=15242;
UPDATE public."Booking" SET b_cost=260.00 WHERE b_ref=15246;
UPDATE public."Booking" SET b_cost=225.00 WHERE b_ref=15258;
UPDATE public."Booking" SET b_cost=548.00 WHERE b_ref=15286;
UPDATE public."Booking" SET b_cost=77.00 WHERE b_ref=15301;
UPDATE public."Booking" SET b_cost=231.00 WHERE b_ref=15318;
UPDATE public."Booking" SET b_cost=274.00 WHERE b_ref=15349;
UPDATE public."Booking" SET b_cost=411.00 WHERE b_ref=15367;
UPDATE public."Booking" SET b_cost=75.00 WHERE b_ref=15410;
UPDATE public."Booking" SET b_cost=201.00 WHERE b_ref=15446;
UPDATE public."Booking" SET b_cost=648.00 WHERE b_ref=15489;
UPDATE public."Booking" SET b_cost=248.00 WHERE b_ref=15500;
UPDATE public."Booking" SET b_cost=77.00 WHERE b_ref=15539;
UPDATE public."Booking" SET b_cost=75.00 WHERE b_ref=15543;
UPDATE public."Booking" SET b_cost=248.00 WHERE b_ref=15565;
UPDATE public."Booking" SET b_cost=186.00 WHERE b_ref=15566;
UPDATE public."Booking" SET b_cost=225.00 WHERE b_ref=15656;
UPDATE public."Booking" SET b_cost=606.00 WHERE b_ref=15731;
UPDATE public."Booking" SET b_cost=426.00 WHERE b_ref=15735;
UPDATE public."Booking" SET b_cost=124.00 WHERE b_ref=15801;
UPDATE public."Booking" SET b_cost=231.00 WHERE b_ref=15822;
UPDATE public."Booking" SET b_cost=124.00 WHERE b_ref=15934;
UPDATE public."Booking" SET b_cost=556.00 WHERE b_ref=15960;
UPDATE public."Booking" SET b_cost=186.00 WHERE b_ref=15975;

UPDATE public."Booking" SET b_outstanding = b_cost;


INSERT INTO public."RoomBooking" VALUES (101, 13505, '2024-01-29', '2024-01-31');
INSERT INTO public."RoomBooking" VALUES (101, 14101, '2024-11-18', '2024-11-22');
INSERT INTO public."RoomBooking" VALUES (101, 15489, '2024-02-01', '2024-02-04');
INSERT INTO public."RoomBooking" VALUES (102, 13083, '2024-12-29', '2025-01-02');
INSERT INTO public."RoomBooking" VALUES (102, 13872, '2024-01-23', '2024-01-26');
INSERT INTO public."RoomBooking" VALUES (102, 13906, '2024-02-03', '2024-02-04');
INSERT INTO public."RoomBooking" VALUES (102, 14038, '2024-01-18', '2024-01-23');
INSERT INTO public."RoomBooking" VALUES (102, 14172, '2024-02-04', '2024-02-05');
INSERT INTO public."RoomBooking" VALUES (103, 13220, '2024-01-09', '2024-01-11');
INSERT INTO public."RoomBooking" VALUES (103, 13262, '2024-12-31', '2025-01-02');
INSERT INTO public."RoomBooking" VALUES (103, 13339, '2024-12-22', '2024-12-25');
INSERT INTO public."RoomBooking" VALUES (103, 13385, '2024-01-12', '2024-01-13');
INSERT INTO public."RoomBooking" VALUES (104, 13585, '2024-12-14', '2024-12-17');
INSERT INTO public."RoomBooking" VALUES (104, 13631, '2024-11-13', '2024-11-16');
INSERT INTO public."RoomBooking" VALUES (104, 14276, '2024-10-17', '2024-10-18');
INSERT INTO public."RoomBooking" VALUES (104, 15142, '2024-11-19', '2024-11-21');
INSERT INTO public."RoomBooking" VALUES (105, 13358, '2024-12-24', '2024-12-29');
INSERT INTO public."RoomBooking" VALUES (105, 13559, '2024-12-19', '2024-12-23');
INSERT INTO public."RoomBooking" VALUES (105, 13872, '2024-01-23', '2024-01-26');
INSERT INTO public."RoomBooking" VALUES (105, 13977, '2024-01-30', '2024-01-31');
INSERT INTO public."RoomBooking" VALUES (106, 13872, '2024-01-23', '2024-01-26');
INSERT INTO public."RoomBooking" VALUES (106, 14074, '2024-10-28', '2024-10-29');
INSERT INTO public."RoomBooking" VALUES (106, 14797, '2024-01-14', '2024-01-18');
INSERT INTO public."RoomBooking" VALUES (106, 15934, '2024-10-26', '2024-10-28');
INSERT INTO public."RoomBooking" VALUES (107, 13098, '2024-12-26', '2024-12-29');
INSERT INTO public."RoomBooking" VALUES (107, 14844, '2024-10-10', '2024-10-13');
INSERT INTO public."RoomBooking" VALUES (107, 15150, '2024-11-08', '2024-11-12');
INSERT INTO public."RoomBooking" VALUES (107, 15242, '2024-01-26', '2024-01-27');
INSERT INTO public."RoomBooking" VALUES (108, 13325, '2024-01-03', '2024-01-07');
INSERT INTO public."RoomBooking" VALUES (108, 13881, '2024-01-15', '2024-01-16');
INSERT INTO public."RoomBooking" VALUES (108, 15446, '2024-12-21', '2024-12-22');
INSERT INTO public."RoomBooking" VALUES (108, 15566, '2024-12-30', '2025-01-02');
INSERT INTO public."RoomBooking" VALUES (108, 15960, '2024-12-05', '2024-12-09');
INSERT INTO public."RoomBooking" VALUES (201, 13052, '2024-11-24', '2024-11-28');
INSERT INTO public."RoomBooking" VALUES (201, 13066, '2024-12-30', '2025-01-04');
INSERT INTO public."RoomBooking" VALUES (201, 13220, '2024-01-09', '2024-01-11');
INSERT INTO public."RoomBooking" VALUES (201, 13853, '2024-02-05', '2024-02-06');

INSERT INTO public."RoomBooking" VALUES (201, 14277, '2024-10-17', '2024-10-19');
INSERT INTO public."RoomBooking" VALUES (201, 14446, '2024-11-12', '2024-11-14');
INSERT INTO public."RoomBooking" VALUES (201, 14460, '2024-10-27', '2024-10-31');
INSERT INTO public."RoomBooking" VALUES (201, 14705, '2024-12-26', '2024-12-30');
INSERT INTO public."RoomBooking" VALUES (202, 13250, '2024-10-31', '2024-11-04');
INSERT INTO public."RoomBooking" VALUES (202, 13627, '2024-12-17', '2024-12-20');
INSERT INTO public."RoomBooking" VALUES (202, 13886, '2024-10-10', '2024-10-14');
INSERT INTO public."RoomBooking" VALUES (202, 14239, '2024-11-28', '2024-11-30');
INSERT INTO public."RoomBooking" VALUES (202, 14855, '2024-10-18', '2024-10-22');
INSERT INTO public."RoomBooking" VALUES (202, 15735, '2024-12-02', '2024-12-05');
INSERT INTO public."RoomBooking" VALUES (203, 13602, '2024-12-26', '2024-12-28');
INSERT INTO public."RoomBooking" VALUES (203, 14074, '2024-10-28', '2024-10-29');
INSERT INTO public."RoomBooking" VALUES (203, 14184, '2024-01-11', '2024-01-15');
INSERT INTO public."RoomBooking" VALUES (203, 14930, '2024-12-13', '2024-12-16');
INSERT INTO public."RoomBooking" VALUES (203, 15960, '2024-12-05', '2024-12-09');
INSERT INTO public."RoomBooking" VALUES (204, 13109, '2024-11-05', '2024-11-08');
INSERT INTO public."RoomBooking" VALUES (204, 13801, '2024-12-13', '2024-12-16');
INSERT INTO public."RoomBooking" VALUES (204, 14301, '2024-02-02', '2024-02-05');
INSERT INTO public."RoomBooking" VALUES (204, 14853, '2024-12-17', '2024-12-18');
INSERT INTO public."RoomBooking" VALUES (204, 15367, '2024-10-06', '2024-10-09');
INSERT INTO public."RoomBooking" VALUES (204, 15446, '2024-12-21', '2024-12-22');
INSERT INTO public."RoomBooking" VALUES (204, 15500, '2024-10-18', '2024-10-22');
INSERT INTO public."RoomBooking" VALUES (204, 15975, '2024-10-09', '2024-10-12');
INSERT INTO public."RoomBooking" VALUES (205, 13083, '2024-12-29', '2024-01-02');
INSERT INTO public."RoomBooking" VALUES (205, 13138, '2024-10-25', '2024-10-28');
INSERT INTO public."RoomBooking" VALUES (205, 13168, '2024-10-14', '2024-10-18');
INSERT INTO public."RoomBooking" VALUES (205, 13325, '2024-01-03', '2024-01-07');
INSERT INTO public."RoomBooking" VALUES (205, 13853, '2024-02-05', '2024-02-06');
INSERT INTO public."RoomBooking" VALUES (205, 14679, '2024-10-23', '2024-10-24');
INSERT INTO public."RoomBooking" VALUES (205, 14690, '2024-10-19', '2024-10-23');
INSERT INTO public."RoomBooking" VALUES (205, 15160, '2024-01-07', '2024-01-08');
INSERT INTO public."RoomBooking" VALUES (206, 13262, '2024-12-31', '2025-01-02');
INSERT INTO public."RoomBooking" VALUES (206, 14593, '2024-12-10', '2024-12-14');
INSERT INTO public."RoomBooking" VALUES (206, 14963, '2024-10-18', '2024-10-22');
INSERT INTO public."RoomBooking" VALUES (206, 15091, '2024-11-14', '2024-11-15');
INSERT INTO public."RoomBooking" VALUES (206, 15142, '2024-11-19', '2024-11-21');
INSERT INTO public."RoomBooking" VALUES (206, 15286, '2024-01-03', '2024-01-07');
INSERT INTO public."RoomBooking" VALUES (206, 15489, '2024-02-01', '2024-02-04');
INSERT INTO public."RoomBooking" VALUES (206, 15565, '2024-11-27', '2024-12-01');
INSERT INTO public."RoomBooking" VALUES (207, 13220, '2024-01-09', '2024-01-11');
INSERT INTO public."RoomBooking" VALUES (207, 13246, '2024-12-29', '2024-12-30');
INSERT INTO public."RoomBooking" VALUES (207, 13541, '2024-01-28', '2024-01-31');
INSERT INTO public."RoomBooking" VALUES (207, 13970, '2024-10-30', '2024-11-03');
INSERT INTO public."RoomBooking" VALUES (207, 15160, '2024-01-07', '2024-01-08');
INSERT INTO public."RoomBooking" VALUES (207, 15349, '2024-11-30', '2024-12-02');
INSERT INTO public."RoomBooking" VALUES (207, 15731, '2024-12-09', '2024-12-12');
INSERT INTO public."RoomBooking" VALUES (207, 15801, '2024-11-08', '2024-11-10');
INSERT INTO public."RoomBooking" VALUES (208, 13098, '2024-12-26', '2024-12-29');
INSERT INTO public."RoomBooking" VALUES (208, 13663, '2024-11-21', '2024-11-25');
INSERT INTO public."RoomBooking" VALUES (208, 14633, '2024-01-29', '2024-01-31');
INSERT INTO public."RoomBooking" VALUES (208, 14679, '2024-10-23', '2024-10-24');
INSERT INTO public."RoomBooking" VALUES (208, 15258, '2024-11-27', '2024-11-30');
INSERT INTO public."RoomBooking" VALUES (208, 15656, '2024-12-08', '2024-12-11');
INSERT INTO public."RoomBooking" VALUES (209, 13098, '2024-12-26', '2024-12-29');
INSERT INTO public."RoomBooking" VALUES (209, 13925, '2024-11-11', '2024-11-13');
INSERT INTO public."RoomBooking" VALUES (209, 14460, '2024-10-27', '2024-10-31');
INSERT INTO public."RoomBooking" VALUES (209, 14971, '2024-11-07', '2024-11-10');

INSERT INTO public."RoomBooking" VALUES (210, 13180, '2024-11-08', '2024-11-12');
INSERT INTO public."RoomBooking" VALUES (210, 13421, '2024-10-09', '2024-10-11');
INSERT INTO public."RoomBooking" VALUES (210, 13627, '2024-12-17', '2024-12-20');
INSERT INTO public."RoomBooking" VALUES (210, 14038, '2024-01-18', '2024-01-23');
INSERT INTO public."RoomBooking" VALUES (210, 14507, '2024-01-27', '2024-01-28');
INSERT INTO public."RoomBooking" VALUES (210, 14593, '2024-12-10', '2024-12-14');
INSERT INTO public."RoomBooking" VALUES (210, 15543, '2024-02-05', '2024-02-06');
INSERT INTO public."RoomBooking" VALUES (211, 13893, '2024-01-19', '2024-01-20');
INSERT INTO public."RoomBooking" VALUES (211, 14844, '2024-10-10', '2024-10-13');
INSERT INTO public."RoomBooking" VALUES (212, 13503, '2024-12-29', '2025-01-01');
INSERT INTO public."RoomBooking" VALUES (212, 13886, '2024-11-10', '2024-11-14');
INSERT INTO public."RoomBooking" VALUES (212, 14038, '2024-01-18', '2024-01-23');
INSERT INTO public."RoomBooking" VALUES (212, 14403, '2024-11-21', '2024-11-23');
INSERT INTO public."RoomBooking" VALUES (301, 13324, '2024-12-22', '2024-12-23');
INSERT INTO public."RoomBooking" VALUES (301, 13482, '2024-11-04', '2024-11-07');
INSERT INTO public."RoomBooking" VALUES (301, 13541, '2024-01-28', '2024-01-31');
INSERT INTO public."RoomBooking" VALUES (301, 14154, '2024-11-26', '2024-11-27');
INSERT INTO public."RoomBooking" VALUES (301, 14797, '2024-01-14', '2024-01-18');
INSERT INTO public."RoomBooking" VALUES (301, 14844, '2024-10-10', '2024-10-13');
INSERT INTO public."RoomBooking" VALUES (301, 15246, '2024-10-30', '2024-11-03');
INSERT INTO public."RoomBooking" VALUES (301, 15731, '2024-12-09', '2024-12-12');
INSERT INTO public."RoomBooking" VALUES (302, 13011, '2024-02-02', '2024-02-04');
INSERT INTO public."RoomBooking" VALUES (302, 13505, '2024-01-29', '2024-01-31');
INSERT INTO public."RoomBooking" VALUES (302, 15735, '2024-12-02', '2024-12-05');
INSERT INTO public."RoomBooking" VALUES (303, 13202, '2024-10-13', '2024-10-17');
INSERT INTO public."RoomBooking" VALUES (303, 13262, '2024-12-31', '2025-01-02');
INSERT INTO public."RoomBooking" VALUES (303, 14797, '2024-01-14', '2024-01-18');
INSERT INTO public."RoomBooking" VALUES (303, 15301, '2024-11-25', '2024-11-26');
INSERT INTO public."RoomBooking" VALUES (303, 15539, '2024-12-10', '2024-12-11');
INSERT INTO public."RoomBooking" VALUES (304, 13066, '2024-12-30', '2025-01-04');
INSERT INTO public."RoomBooking" VALUES (304, 13332, '2024-01-11', '2024-01-14');
INSERT INTO public."RoomBooking" VALUES (304, 14855, '2024-10-18', '2024-10-22');
INSERT INTO public."RoomBooking" VALUES (304, 15318, '2024-01-22', '2024-01-25');
INSERT INTO public."RoomBooking" VALUES (305, 13836, '2024-10-13', '2024-10-16');

INSERT INTO public."RoomBooking" VALUES (305, 14154, '2024-11-26', '2024-11-27');
INSERT INTO public."RoomBooking" VALUES (305, 15489, '2024-02-01', '2024-02-04');
INSERT INTO public."RoomBooking" VALUES (305, 15822, '2024-12-03', '2024-12-06');
INSERT INTO public."RoomBooking" VALUES (306, 13429, '2024-01-13', '2024-01-17');
INSERT INTO public."RoomBooking" VALUES (306, 13476, '2024-10-20', '2024-10-24');
INSERT INTO public."RoomBooking" VALUES (306, 13627, '2024-12-17', '2024-12-20');
INSERT INTO public."RoomBooking" VALUES (306, 15446, '2024-12-21', '2024-12-22');
INSERT INTO public."RoomBooking" VALUES (307, 13503, '2024-12-29', '2025-01-01');
INSERT INTO public."RoomBooking" VALUES (307, 14690, '2024-10-19', '2024-10-23');
INSERT INTO public."RoomBooking" VALUES (307, 15286, '2024-01-03', '2024-01-07');
INSERT INTO public."RoomBooking" VALUES (307, 15367, '2024-10-06', '2024-10-09');
INSERT INTO public."RoomBooking" VALUES (308, 13168, '2024-10-14', '2024-10-18');
INSERT INTO public."RoomBooking" VALUES (308, 13202, '2024-10-13', '2024-10-17');
INSERT INTO public."RoomBooking" VALUES (308, 13425, '2024-12-23', '2024-12-26');
INSERT INTO public."RoomBooking" VALUES (308, 14101, '2024-11-18', '2024-11-22');
INSERT INTO public."RoomBooking" VALUES (308, 14400, '2024-01-24', '2024-01-28');
INSERT INTO public."RoomBooking" VALUES (308, 14593, '2024-12-10', '2024-12-14');
INSERT INTO public."RoomBooking" VALUES (308, 14633, '2024-01-29', '2024-01-31');
INSERT INTO public."RoomBooking" VALUES (308, 15349, '2024-11-30', '2024-12-02');
INSERT INTO public."RoomBooking" VALUES (309, 13881, '2024-01-15', '2024-01-16');
INSERT INTO public."RoomBooking" VALUES (309, 13977, '2024-01-30', '2024-01-31');
INSERT INTO public."RoomBooking" VALUES (309, 14074, '2024-10-28', '2024-10-29');
INSERT INTO public."RoomBooking" VALUES (309, 14403, '2024-11-21', '2024-11-23');
INSERT INTO public."RoomBooking" VALUES (309, 14930, '2024-12-13', '2024-12-16');
INSERT INTO public."RoomBooking" VALUES (310, 14671, '2024-12-24', '2024-12-26');
INSERT INTO public."RoomBooking" VALUES (310, 15160, '2024-01-07', '2024-01-08');
INSERT INTO public."RoomBooking" VALUES (311, 13505, '2024-01-29', '2024-01-31');
INSERT INTO public."RoomBooking" VALUES (311, 14172, '2024-02-04', '2024-02-05');
INSERT INTO public."RoomBooking" VALUES (311, 14184, '2024-01-11', '2024-01-15');
INSERT INTO public."RoomBooking" VALUES (311, 15410, '2024-01-21', '2024-01-22');
INSERT INTO public."RoomBooking" VALUES (311, 15731, '2024-12-09', '2024-12-12');

INSERT INTO public."RoomImage" (r_no, image_url, facility) VALUES (101, 'roomimage/0', 'Oceanfront Lounge');
INSERT INTO public."RoomImage" (r_no, image_url, facility) VALUES (102, 'roomimage/1', 'Sunset Terrace Bar');
INSERT INTO public."RoomImage" (r_no, image_url, facility) VALUES (103, 'roomimage/2', 'Mountain Majesty Retreat');
INSERT INTO public."RoomImage" (r_no, image_url, facility) VALUES (104, 'roomimage/3', 'Riverside Serenity Spa');
INSERT INTO public."RoomImage" (r_no, image_url, facility) VALUES (105, 'roomimage/4', 'City Lights Dining Room');
INSERT INTO public."RoomImage" (r_no, image_url, facility) VALUES (106, 'roomimage/5', 'Garden Oasis Terrace');
INSERT INTO public."RoomImage" (r_no, image_url, facility) VALUES (107, 'roomimage/6', 'Valley View Suites');
INSERT INTO public."RoomImage" (r_no, image_url, facility) VALUES (108, 'roomimage/7', 'Lakeside Zen Pool');
INSERT INTO public."RoomImage" (r_no, image_url, facility) VALUES (201, 'roomimage/8', 'Aerial Adventure Fitness Center');
INSERT INTO public."RoomImage" (r_no, image_url, facility) VALUES (202, 'roomimage/9', 'Safari Sunset Balconies');
INSERT INTO public."RoomImage" (r_no, image_url, facility) VALUES (203, 'roomimage/10', 'Oceanfront Bliss Lounge');
INSERT INTO public."RoomImage" (r_no, image_url, facility) VALUES (204, 'roomimage/11', 'Sunset Horizon Bar');
INSERT INTO public."RoomImage" (r_no, image_url, facility) VALUES (205, 'roomimage/12', 'Forest Haven Spa');
INSERT INTO public."RoomImage" (r_no, image_url, facility) VALUES (206, 'roomimage/13', 'Tropical Paradise Dining Pavilion');
INSERT INTO public."RoomImage" (r_no, image_url, facility) VALUES (207, 'roomimage/14', 'Harbor View Terrace');
INSERT INTO public."RoomImage" (r_no, image_url, facility) VALUES (208, 'roomimage/15', 'Countryside Tranquility Suites');
INSERT INTO public."RoomImage" (r_no, image_url, facility) VALUES (209, 'roomimage/16', 'Desert Mirage Pool');
INSERT INTO public."RoomImage" (r_no, image_url, facility) VALUES (210, 'roomimage/17', 'Starlit Stargazing Deck');
INSERT INTO public."RoomImage" (r_no, image_url, facility) VALUES (211, 'roomimage/18', 'Island Oasis Kids Club');
INSERT INTO public."RoomImage" (r_no, image_url, facility) VALUES (212, 'roomimage/19', 'Aurora Borealis Ballroom');
INSERT INTO public."RoomImage" (r_no, image_url, facility) VALUES (301, 'roomimage/20', 'Panoramic Vista Lounge');
INSERT INTO public."RoomImage" (r_no, image_url, facility) VALUES (302, 'roomimage/21', 'Skyline Observation Deck');
INSERT INTO public."RoomImage" (r_no, image_url, facility) VALUES (303, 'roomimage/22', 'Mountain Majesty Retreat');
INSERT INTO public."RoomImage" (r_no, image_url, facility) VALUES (304, 'roomimage/23', 'Riverside Serenity Spa');
INSERT INTO public."RoomImage" (r_no, image_url, facility) VALUES (305, 'roomimage/24', 'City Lights Dining Room');
INSERT INTO public."RoomImage" (r_no, image_url, facility) VALUES (306, 'roomimage/25', 'Garden Oasis Terrace');
INSERT INTO public."RoomImage" (r_no, image_url, facility) VALUES (307, 'roomimage/26', 'Valley View Suites');
INSERT INTO public."RoomImage" (r_no, image_url, facility) VALUES (308, 'roomimage/27', 'Lakeside Zen Pool');
INSERT INTO public."RoomImage" (r_no, image_url, facility) VALUES (309, 'roomimage/28', 'Aerial Adventure Fitness Center');
INSERT INTO public."RoomImage" (r_no, image_url, facility) VALUES (310, 'roomimage/29', 'Safari Sunset Balconies');
INSERT INTO public."RoomImage" (r_no, image_url, facility) VALUES (311, 'roomimage/30', 'Oceanfront Bliss Lounge');
INSERT INTO public."RoomImage" (r_no, image_url, facility) VALUES (312, 'roomimage/31', 'Sunset Horizon Bar');



INSERT INTO public."UserPassword" (c_no, password) VALUES (12008, '12345');
INSERT INTO public."UserPassword" (c_no, password) VALUES (12036, '12345');
INSERT INTO public."UserPassword" (c_no, password) VALUES (12037, '12345');
INSERT INTO public."UserPassword" (c_no, password) VALUES (12090, '12345');
INSERT INTO public."UserPassword" (c_no, password) VALUES (12098, '12345');
INSERT INTO public."UserPassword" (c_no, password) VALUES (12128, '12345');
INSERT INTO public."UserPassword" (c_no, password) VALUES (12146, '12345');
INSERT INTO public."UserPassword" (c_no, password) VALUES (12147, '12345');
INSERT INTO public."UserPassword" (c_no, password) VALUES (12175, '12345');
INSERT INTO public."UserPassword" (c_no, password) VALUES (12186, '12345');
INSERT INTO public."UserPassword" (c_no, password) VALUES (12193, '12345');
INSERT INTO public."UserPassword" (c_no, password) VALUES (12194, '12345');
INSERT INTO public."UserPassword" (c_no, password) VALUES (12205, '12345');
INSERT INTO public."UserPassword" (c_no, password) VALUES (12218, '12345');
INSERT INTO public."UserPassword" (c_no, password) VALUES (12284, '12345');
INSERT INTO public."UserPassword" (c_no, password) VALUES (12298, '12345');
INSERT INTO public."UserPassword" (c_no, password) VALUES (12401, '12345');
INSERT INTO public."UserPassword" (c_no, password) VALUES (12404, '12345');
INSERT INTO public."UserPassword" (c_no, password) VALUES (12425, '12345');
INSERT INTO public."UserPassword" (c_no, password) VALUES (12433, '12345');
INSERT INTO public."UserPassword" (c_no, password) VALUES (12454, '12345');
INSERT INTO public."UserPassword" (c_no, password) VALUES (12473, '12345');
INSERT INTO public."UserPassword" (c_no, password) VALUES (12489, '12345');
INSERT INTO public."UserPassword" (c_no, password) VALUES (12528, '12345');
INSERT INTO public."UserPassword" (c_no, password) VALUES (12538, '12345');
INSERT INTO public."UserPassword" (c_no, password) VALUES (12563, '12345');
INSERT INTO public."UserPassword" (c_no, password) VALUES (12570, '12345');
INSERT INTO public."UserPassword" (c_no, password) VALUES (12573, '12345');
INSERT INTO public."UserPassword" (c_no, password) VALUES (12576, '12345');
INSERT INTO public."UserPassword" (c_no, password) VALUES (12596, '12345');
INSERT INTO public."UserPassword" (c_no, password) VALUES (12669, '12345');
INSERT INTO public."UserPassword" (c_no, password) VALUES (12684, '12345');
INSERT INTO public."UserPassword" (c_no, password) VALUES (12717, '12345');
INSERT INTO public."UserPassword" (c_no, password) VALUES (12718, '12345');
INSERT INTO public."UserPassword" (c_no, password) VALUES (12723, '12345');
INSERT INTO public."UserPassword" (c_no, password) VALUES (12745, '12345');
INSERT INTO public."UserPassword" (c_no, password) VALUES (12752, '12345');
INSERT INTO public."UserPassword" (c_no, password) VALUES (12790, '12345');
INSERT INTO public."UserPassword" (c_no, password) VALUES (12801, '12345');
INSERT INTO public."UserPassword" (c_no, password) VALUES (12818, '12345');
INSERT INTO public."UserPassword" (c_no, password) VALUES (12874, '12345');
INSERT INTO public."UserPassword" (c_no, password) VALUES (12908, '12345');
INSERT INTO public."UserPassword" (c_no, password) VALUES (12920, '12345');
INSERT INTO public."UserPassword" (c_no, password) VALUES (12931, '12345');
INSERT INTO public."UserPassword" (c_no, password) VALUES (12932, '12345');
INSERT INTO public."UserPassword" (c_no, password) VALUES (12953, '12345');